SELECT COUNT(*) FROM hits;
0.0035572052001953125
0.0020380020141601562
0.0018160343170166016
SELECT COUNT(*) FROM hits WHERE AdvEngineID <> 0;
0.008666276931762695
0.010708808898925781
0.008615255355834961
SELECT SUM(AdvEngineID), COUNT(*), AVG(ResolutionWidth) FROM hits;
0.03072214126586914
0.03455519676208496
0.0321049690246582
SELECT AVG(UserID) FROM hits;
0.06186223030090332
0.045022010803222656
0.04837298393249512
SELECT COUNT(DISTINCT UserID) FROM hits;
0.4726889133453369
0.42298102378845215
0.42676806449890137
SELECT COUNT(DISTINCT SearchPhrase) FROM hits;
0.6136119365692139
0.6115829944610596
0.611598014831543
SELECT MIN(EventDate), MAX(EventDate) FROM hits;
0.029963016510009766
0.01271200180053711
0.011487960815429688
SELECT AdvEngineID, COUNT(*) FROM hits WHERE AdvEngineID <> 0 GROUP BY AdvEngineID ORDER BY COUNT(*) DESC;
0.012507915496826172
0.012630224227905273
0.012101888656616211
SELECT RegionID, COUNT(DISTINCT UserID) AS u FROM hits GROUP BY RegionID ORDER BY u DESC LIMIT 10;
0.5800740718841553
0.5493221282958984
0.5634479522705078
SELECT RegionID, SUM(AdvEngineID), COUNT(*) AS c, AVG(ResolutionWidth), COUNT(DISTINCT UserID) FROM hits GROUP BY RegionID ORDER BY c DESC LIMIT 10;
0.5896551609039307
0.6257150173187256
0.6280429363250732
SELECT MobilePhoneModel, COUNT(DISTINCT UserID) AS u FROM hits WHERE MobilePhoneModel <> '' GROUP BY MobilePhoneModel ORDER BY u DESC LIMIT 10;
0.18583297729492188
0.18320608139038086
0.18265891075134277
SELECT MobilePhone, MobilePhoneModel, COUNT(DISTINCT UserID) AS u FROM hits WHERE MobilePhoneModel <> '' GROUP BY MobilePhone, MobilePhoneModel ORDER BY u DESC LIMIT 10;
0.20329785346984863
0.21169376373291016
0.1999518871307373
SELECT SearchPhrase, COUNT(*) AS c FROM hits WHERE SearchPhrase <> '' GROUP BY SearchPhrase ORDER BY c DESC LIMIT 10;
0.5762109756469727
0.5601677894592285
0.5452442169189453
SELECT SearchPhrase, COUNT(DISTINCT UserID) AS u FROM hits WHERE SearchPhrase <> '' GROUP BY SearchPhrase ORDER BY u DESC LIMIT 10;
0.8501861095428467
0.8125410079956055
0.798210859298706
SELECT SearchEngineID, SearchPhrase, COUNT(*) AS c FROM hits WHERE SearchPhrase <> '' GROUP BY SearchEngineID, SearchPhrase ORDER BY c DESC LIMIT 10;
0.7489199638366699
0.7447860240936279
0.7432901859283447
SELECT UserID, COUNT(*) FROM hits GROUP BY UserID ORDER BY COUNT(*) DESC LIMIT 10;
0.5341918468475342
0.5270020961761475
0.5270810127258301
SELECT UserID, SearchPhrase, COUNT(*) FROM hits GROUP BY UserID, SearchPhrase ORDER BY COUNT(*) DESC LIMIT 10;
2.104918956756592
2.0601320266723633
2.0395278930664062
SELECT UserID, SearchPhrase, COUNT(*) FROM hits GROUP BY UserID, SearchPhrase LIMIT 10;
1.3836021423339844
1.3945682048797607
1.369568109512329
SELECT UserID, extract(minute FROM EventTime) AS m, SearchPhrase, COUNT(*) FROM hits GROUP BY UserID, m, SearchPhrase ORDER BY COUNT(*) DESC LIMIT 10;
4.200079917907715
4.080479145050049
4.085127830505371
SELECT UserID FROM hits WHERE UserID = 435090932899640449;
0.0291903018951416
0.02087092399597168
0.02022695541381836
SELECT COUNT(*) FROM hits WHERE URL LIKE '%google%';
2.8402230739593506
0.8192441463470459
0.8142828941345215
SELECT SearchPhrase, MIN(URL), COUNT(*) AS c FROM hits WHERE URL LIKE '%google%' AND SearchPhrase <> '' GROUP BY SearchPhrase ORDER BY c DESC LIMIT 10;
0.9027919769287109
0.9178359508514404
0.9397721290588379
SELECT SearchPhrase, MIN(URL), MIN(Title), COUNT(*) AS c, COUNT(DISTINCT UserID) FROM hits WHERE Title LIKE '%Google%' AND URL NOT LIKE '%.google.%' AND SearchPhrase <> '' GROUP BY SearchPhrase ORDER BY c DESC LIMIT 10;
2.6132140159606934
1.1584041118621826
1.150195837020874
SELECT * FROM hits WHERE URL LIKE '%google%' ORDER BY EventTime LIMIT 10;
3.7143359184265137
3.0774967670440674
3.087891101837158
SELECT SearchPhrase FROM hits WHERE SearchPhrase <> '' ORDER BY EventTime LIMIT 10;
0.25487399101257324
0.25597405433654785
0.2547109127044678
SELECT SearchPhrase FROM hits WHERE SearchPhrase <> '' ORDER BY SearchPhrase LIMIT 10;
0.18406915664672852
0.1865222454071045
0.18989801406860352
SELECT SearchPhrase FROM hits WHERE SearchPhrase <> '' ORDER BY EventTime, SearchPhrase LIMIT 10;
0.25240588188171387
0.2507750988006592
0.2507812976837158
SELECT CounterID, AVG(length(URL)) AS l, COUNT(*) AS c FROM hits WHERE URL <> '' GROUP BY CounterID HAVING COUNT(*) > 100000 ORDER BY l DESC LIMIT 25;
0.7898080348968506
0.7963759899139404
0.7932701110839844
SELECT REGEXP_REPLACE(Referer, '^https?://(?:www\.)?([^/]+)/.*$', '\1') AS k, AVG(length(Referer)) AS l, COUNT(*) AS c, MIN(Referer) FROM hits WHERE Referer <> '' GROUP BY k HAVING COUNT(*) > 100000 ORDER BY l DESC LIMIT 25;
11.918813943862915
11.63861608505249
11.982197046279907
SELECT SUM(ResolutionWidth), SUM(ResolutionWidth + 1), SUM(ResolutionWidth + 2), SUM(ResolutionWidth + 3), SUM(ResolutionWidth + 4), SUM(ResolutionWidth + 5), SUM(ResolutionWidth + 6), SUM(ResolutionWidth + 7), SUM(ResolutionWidth + 8), SUM(ResolutionWidth + 9), SUM(ResolutionWidth + 10), SUM(ResolutionWidth + 11), SUM(ResolutionWidth + 12), SUM(ResolutionWidth + 13), SUM(ResolutionWidth + 14), SUM(ResolutionWidth + 15), SUM(ResolutionWidth + 16), SUM(ResolutionWidth + 17), SUM(ResolutionWidth + 18), SUM(ResolutionWidth + 19), SUM(ResolutionWidth + 20), SUM(ResolutionWidth + 21), SUM(ResolutionWidth + 22), SUM(ResolutionWidth + 23), SUM(ResolutionWidth + 24), SUM(ResolutionWidth + 25), SUM(ResolutionWidth + 26), SUM(ResolutionWidth + 27), SUM(ResolutionWidth + 28), SUM(ResolutionWidth + 29), SUM(ResolutionWidth + 30), SUM(ResolutionWidth + 31), SUM(ResolutionWidth + 32), SUM(ResolutionWidth + 33), SUM(ResolutionWidth + 34), SUM(ResolutionWidth + 35), SUM(ResolutionWidth + 36), SUM(ResolutionWidth + 37), SUM(ResolutionWidth + 38), SUM(ResolutionWidth + 39), SUM(ResolutionWidth + 40), SUM(ResolutionWidth + 41), SUM(ResolutionWidth + 42), SUM(ResolutionWidth + 43), SUM(ResolutionWidth + 44), SUM(ResolutionWidth + 45), SUM(ResolutionWidth + 46), SUM(ResolutionWidth + 47), SUM(ResolutionWidth + 48), SUM(ResolutionWidth + 49), SUM(ResolutionWidth + 50), SUM(ResolutionWidth + 51), SUM(ResolutionWidth + 52), SUM(ResolutionWidth + 53), SUM(ResolutionWidth + 54), SUM(ResolutionWidth + 55), SUM(ResolutionWidth + 56), SUM(ResolutionWidth + 57), SUM(ResolutionWidth + 58), SUM(ResolutionWidth + 59), SUM(ResolutionWidth + 60), SUM(ResolutionWidth + 61), SUM(ResolutionWidth + 62), SUM(ResolutionWidth + 63), SUM(ResolutionWidth + 64), SUM(ResolutionWidth + 65), SUM(ResolutionWidth + 66), SUM(ResolutionWidth + 67), SUM(ResolutionWidth + 68), SUM(ResolutionWidth + 69), SUM(ResolutionWidth + 70), SUM(ResolutionWidth + 71), SUM(ResolutionWidth + 72), SUM(ResolutionWidth + 73), SUM(ResolutionWidth + 74), SUM(ResolutionWidth + 75), SUM(ResolutionWidth + 76), SUM(ResolutionWidth + 77), SUM(ResolutionWidth + 78), SUM(ResolutionWidth + 79), SUM(ResolutionWidth + 80), SUM(ResolutionWidth + 81), SUM(ResolutionWidth + 82), SUM(ResolutionWidth + 83), SUM(ResolutionWidth + 84), SUM(ResolutionWidth + 85), SUM(ResolutionWidth + 86), SUM(ResolutionWidth + 87), SUM(ResolutionWidth + 88), SUM(ResolutionWidth + 89) FROM hits;
0.03548693656921387
0.038330078125
0.03621196746826172
SELECT SearchEngineID, ClientIP, COUNT(*) AS c, SUM(IsRefresh), AVG(ResolutionWidth) FROM hits WHERE SearchPhrase <> '' GROUP BY SearchEngineID, ClientIP ORDER BY c DESC LIMIT 10;
0.5760910511016846
0.507922887802124
0.5036087036132812
SELECT WatchID, ClientIP, COUNT(*) AS c, SUM(IsRefresh), AVG(ResolutionWidth) FROM hits WHERE SearchPhrase <> '' GROUP BY WatchID, ClientIP ORDER BY c DESC LIMIT 10;
0.8306460380554199
0.6385970115661621
0.6260201930999756
SELECT WatchID, ClientIP, COUNT(*) AS c, SUM(IsRefresh), AVG(ResolutionWidth) FROM hits GROUP BY WatchID, ClientIP ORDER BY c DESC LIMIT 10;
3.370762825012207
3.1935579776763916
3.2053732872009277
SELECT URL, COUNT(*) AS c FROM hits GROUP BY URL ORDER BY c DESC LIMIT 10;
2.9724600315093994
2.898780107498169
2.933225154876709
SELECT 1, URL, COUNT(*) AS c FROM hits GROUP BY 1, URL ORDER BY c DESC LIMIT 10;
2.93681001663208
2.9181602001190186
2.9951329231262207
SELECT ClientIP, ClientIP - 1, ClientIP - 2, ClientIP - 3, COUNT(*) AS c FROM hits GROUP BY ClientIP, ClientIP - 1, ClientIP - 2, ClientIP - 3 ORDER BY c DESC LIMIT 10;
1.1746230125427246
1.1343178749084473
1.130695104598999
SELECT URL, COUNT(*) AS PageViews FROM hits WHERE CounterID = 62 AND EventDate >= '2013-07-01' AND EventDate <= '2013-07-31' AND DontCountHits = 0 AND IsRefresh = 0 AND URL <> '' GROUP BY URL ORDER BY PageViews DESC LIMIT 10;
0.04924798011779785
0.04631805419921875
0.04188275337219238
SELECT Title, COUNT(*) AS PageViews FROM hits WHERE CounterID = 62 AND EventDate >= '2013-07-01' AND EventDate <= '2013-07-31' AND DontCountHits = 0 AND IsRefresh = 0 AND Title <> '' GROUP BY Title ORDER BY PageViews DESC LIMIT 10;
0.023843050003051758
0.027579307556152344
0.027546167373657227
SELECT URL, COUNT(*) AS PageViews FROM hits WHERE CounterID = 62 AND EventDate >= '2013-07-01' AND EventDate <= '2013-07-31' AND IsRefresh = 0 AND IsLink <> 0 AND IsDownload = 0 GROUP BY URL ORDER BY PageViews DESC LIMIT 10 OFFSET 1000;
0.023955345153808594
0.021223783493041992
0.02133011817932129
SELECT TraficSourceID, SearchEngineID, AdvEngineID, CASE WHEN (SearchEngineID = 0 AND AdvEngineID = 0) THEN Referer ELSE '' END AS Src, URL AS Dst, COUNT(*) AS PageViews FROM hits WHERE CounterID = 62 AND EventDate >= '2013-07-01' AND EventDate <= '2013-07-31' AND IsRefresh = 0 GROUP BY TraficSourceID, SearchEngineID, AdvEngineID, Src, Dst ORDER BY PageViews DESC LIMIT 10 OFFSET 1000;
0.08875489234924316
0.09166312217712402
0.09248685836791992
SELECT URLHash, EventDate, COUNT(*) AS PageViews FROM hits WHERE CounterID = 62 AND EventDate >= '2013-07-01' AND EventDate <= '2013-07-31' AND IsRefresh = 0 AND TraficSourceID IN (-1, 6) AND RefererHash = 3594120000172545465 GROUP BY URLHash, EventDate ORDER BY PageViews DESC LIMIT 10 OFFSET 100;
0.015136957168579102
0.015225887298583984
0.016731977462768555
SELECT WindowClientWidth, WindowClientHeight, COUNT(*) AS PageViews FROM hits WHERE CounterID = 62 AND EventDate >= '2013-07-01' AND EventDate <= '2013-07-31' AND IsRefresh = 0 AND DontCountHits = 0 AND URLHash = 2868770270353813622 GROUP BY WindowClientWidth, WindowClientHeight ORDER BY PageViews DESC LIMIT 10 OFFSET 10000;
0.009951114654541016
0.009796142578125
0.009446859359741211
SELECT DATE_TRUNC('minute', EventTime) AS M, COUNT(*) AS PageViews FROM hits WHERE CounterID = 62 AND EventDate >= '2013-07-14' AND EventDate <= '2013-07-15' AND IsRefresh = 0 AND DontCountHits = 0 GROUP BY DATE_TRUNC('minute', EventTime) ORDER BY DATE_TRUNC('minute', EventTime) LIMIT 10 OFFSET 1000;
0.009852886199951172
0.010167121887207031
0.009402751922607422
