SELECT COUNT(*) FROM hits_encrypted;
0.008219750015996397
0.002856570004951209
0.0028498010360635817
SELECT COUNT(*) FROM hits_encrypted WHERE AdvEngineID <> 0;
0.022683175979182124
0.03151027899002656
0.01620316202752292
SELECT SUM(AdvEngineID), COUNT(*), AVG(ResolutionWidth) FROM hits_encrypted;
0.11764632898848504
0.033042224997188896
0.023624068999197334
SELECT AVG(UserID) FROM hits_encrypted;
0.5118997130193748
0.025144302984699607
0.018057465029414743
SELECT COUNT(DISTINCT UserID) FROM hits_encrypted;
0.16186720703262836
0.13761773699661717
0.13848379702540115
SELECT COUNT(DISTINCT SearchPhrase) FROM hits_encrypted;
0.9170458280132152
0.16911743895616382
0.16429136198712513
SELECT MIN(EventDate), MAX(EventDate) FROM hits_encrypted;
0.013972032989840955
0.014090768992900848
0.013106052007060498
SELECT AdvEngineID, COUNT(*) FROM hits_encrypted WHERE AdvEngineID <> 0 GROUP BY AdvEngineID ORDER BY COUNT(*) DESC;
0.025020680972374976
0.025817162008024752
0.026588651002384722
SELECT RegionID, COUNT(DISTINCT UserID) AS u FROM hits_encrypted GROUP BY RegionID ORDER BY u DESC LIMIT 10;
0.5298474099836312
0.39308000600431114
0.418806272034999
SELECT RegionID, SUM(AdvEngineID), COUNT(*) AS c, AVG(ResolutionWidth), COUNT(DISTINCT UserID) FROM hits_encrypted GROUP BY RegionID ORDER BY c DESC LIMIT 10;
0.4277388379559852
0.4267436270019971
0.41606545401737094
SELECT MobilePhoneModel, COUNT(DISTINCT UserID) AS u FROM hits_encrypted WHERE MobilePhoneModel <> '' GROUP BY MobilePhoneModel ORDER BY u DESC LIMIT 10;
0.1385686619905755
0.13258100202074274
0.12698158499551937
SELECT MobilePhone, MobilePhoneModel, COUNT(DISTINCT UserID) AS u FROM hits_encrypted WHERE MobilePhoneModel <> '' GROUP BY MobilePhone, MobilePhoneModel ORDER BY u DESC LIMIT 10;
0.1458805069560185
0.14182151400018483
0.1431342220166698
SELECT SearchPhrase, COUNT(*) AS c FROM hits_encrypted WHERE SearchPhrase <> '' GROUP BY SearchPhrase ORDER BY c DESC LIMIT 10;
0.15668622101657093
0.1515032530296594
0.1495916309650056
SELECT SearchPhrase, COUNT(DISTINCT UserID) AS u FROM hits_encrypted WHERE SearchPhrase <> '' GROUP BY SearchPhrase ORDER BY u DESC LIMIT 10;
0.21240519400453195
0.20577638800023124
0.21067619998939335
SELECT SearchEngineID, SearchPhrase, COUNT(*) AS c FROM hits_encrypted WHERE SearchPhrase <> '' GROUP BY SearchEngineID, SearchPhrase ORDER BY c DESC LIMIT 10;
0.1804512669914402
0.16943436296423897
0.17027597298147157
SELECT UserID, COUNT(*) FROM hits_encrypted GROUP BY UserID ORDER BY COUNT(*) DESC LIMIT 10;
0.1278007869841531
0.12632178398780525
0.12666810798691586
SELECT UserID, SearchPhrase, COUNT(*) FROM hits_encrypted GROUP BY UserID, SearchPhrase ORDER BY COUNT(*) DESC LIMIT 10;
0.40890598203986883
0.41108986700419337
0.406739130965434
SELECT UserID, SearchPhrase, COUNT(*) FROM hits_encrypted GROUP BY UserID, SearchPhrase LIMIT 10;
0.2797210759599693
0.2781314089661464
0.2905324649764225
SELECT UserID, extract(minute FROM EventTime) AS m, SearchPhrase, COUNT(*) FROM hits_encrypted GROUP BY UserID, m, SearchPhrase ORDER BY COUNT(*) DESC LIMIT 10;
1.3534906200366095
0.8010233379900455
0.7699568890384398
SELECT UserID FROM hits_encrypted WHERE UserID = 435090932899640449;
0.020294781017582864
0.02850714698433876
0.020320720970630646
SELECT COUNT(*) FROM hits_encrypted WHERE URL LIKE '%google%';
5.917186503997073
0.2608046950190328
0.23436165502062067
SELECT SearchPhrase, MIN(URL), COUNT(*) AS c FROM hits_encrypted WHERE URL LIKE '%google%' AND SearchPhrase <> '' GROUP BY SearchPhrase ORDER BY c DESC LIMIT 10;
0.2733916550059803
0.25805333303287625
0.25666572101181373
SELECT SearchPhrase, MIN(URL), MIN(Title), COUNT(*) AS c, COUNT(DISTINCT UserID) FROM hits_encrypted WHERE Title LIKE '%Google%' AND URL NOT LIKE '%.google.%' AND SearchPhrase <> '' GROUP BY SearchPhrase ORDER BY c DESC LIMIT 10;
5.0697280170279555
0.3389865360222757
0.33014099701540545
SELECT * FROM hits_encrypted WHERE URL LIKE '%google%' ORDER BY EventTime LIMIT 10;
8.092824494000524
0.913930126989726
0.9270355330081657
SELECT SearchPhrase FROM hits_encrypted WHERE SearchPhrase <> '' ORDER BY EventTime LIMIT 10;
0.07485228503355756
0.07159208302618936
0.07005086995195597
SELECT SearchPhrase FROM hits_encrypted WHERE SearchPhrase <> '' ORDER BY SearchPhrase LIMIT 10;
0.05643898999551311
0.05558711400954053
0.05632771603995934
SELECT SearchPhrase FROM hits_encrypted WHERE SearchPhrase <> '' ORDER BY EventTime, SearchPhrase LIMIT 10;
0.0743282749899663
0.07068081700708717
0.07351965602720156
SELECT CounterID, AVG(length(URL)) AS l, COUNT(*) AS c FROM hits_encrypted WHERE URL <> '' GROUP BY CounterID HAVING COUNT(*) > 100000 ORDER BY l DESC LIMIT 25;
0.26077413000166416
0.2664429470314644
0.2620927780517377
SELECT REGEXP_REPLACE(Referer, '^https?://(?:www\.)?([^/]+)/.*$', '\1') AS k, AVG(length(Referer)) AS l, COUNT(*) AS c, MIN(Referer) FROM hits_encrypted WHERE Referer <> '' GROUP BY k HAVING COUNT(*) > 100000 ORDER BY l DESC LIMIT 25;
2.815417814999819
2.59247630398022
2.6073799309669994
SELECT SUM(ResolutionWidth), SUM(ResolutionWidth + 1), SUM(ResolutionWidth + 2), SUM(ResolutionWidth + 3), SUM(ResolutionWidth + 4), SUM(ResolutionWidth + 5), SUM(ResolutionWidth + 6), SUM(ResolutionWidth + 7), SUM(ResolutionWidth + 8), SUM(ResolutionWidth + 9), SUM(ResolutionWidth + 10), SUM(ResolutionWidth + 11), SUM(ResolutionWidth + 12), SUM(ResolutionWidth + 13), SUM(ResolutionWidth + 14), SUM(ResolutionWidth + 15), SUM(ResolutionWidth + 16), SUM(ResolutionWidth + 17), SUM(ResolutionWidth + 18), SUM(ResolutionWidth + 19), SUM(ResolutionWidth + 20), SUM(ResolutionWidth + 21), SUM(ResolutionWidth + 22), SUM(ResolutionWidth + 23), SUM(ResolutionWidth + 24), SUM(ResolutionWidth + 25), SUM(ResolutionWidth + 26), SUM(ResolutionWidth + 27), SUM(ResolutionWidth + 28), SUM(ResolutionWidth + 29), SUM(ResolutionWidth + 30), SUM(ResolutionWidth + 31), SUM(ResolutionWidth + 32), SUM(ResolutionWidth + 33), SUM(ResolutionWidth + 34), SUM(ResolutionWidth + 35), SUM(ResolutionWidth + 36), SUM(ResolutionWidth + 37), SUM(ResolutionWidth + 38), SUM(ResolutionWidth + 39), SUM(ResolutionWidth + 40), SUM(ResolutionWidth + 41), SUM(ResolutionWidth + 42), SUM(ResolutionWidth + 43), SUM(ResolutionWidth + 44), SUM(ResolutionWidth + 45), SUM(ResolutionWidth + 46), SUM(ResolutionWidth + 47), SUM(ResolutionWidth + 48), SUM(ResolutionWidth + 49), SUM(ResolutionWidth + 50), SUM(ResolutionWidth + 51), SUM(ResolutionWidth + 52), SUM(ResolutionWidth + 53), SUM(ResolutionWidth + 54), SUM(ResolutionWidth + 55), SUM(ResolutionWidth + 56), SUM(ResolutionWidth + 57), SUM(ResolutionWidth + 58), SUM(ResolutionWidth + 59), SUM(ResolutionWidth + 60), SUM(ResolutionWidth + 61), SUM(ResolutionWidth + 62), SUM(ResolutionWidth + 63), SUM(ResolutionWidth + 64), SUM(ResolutionWidth + 65), SUM(ResolutionWidth + 66), SUM(ResolutionWidth + 67), SUM(ResolutionWidth + 68), SUM(ResolutionWidth + 69), SUM(ResolutionWidth + 70), SUM(ResolutionWidth + 71), SUM(ResolutionWidth + 72), SUM(ResolutionWidth + 73), SUM(ResolutionWidth + 74), SUM(ResolutionWidth + 75), SUM(ResolutionWidth + 76), SUM(ResolutionWidth + 77), SUM(ResolutionWidth + 78), SUM(ResolutionWidth + 79), SUM(ResolutionWidth + 80), SUM(ResolutionWidth + 81), SUM(ResolutionWidth + 82), SUM(ResolutionWidth + 83), SUM(ResolutionWidth + 84), SUM(ResolutionWidth + 85), SUM(ResolutionWidth + 86), SUM(ResolutionWidth + 87), SUM(ResolutionWidth + 88), SUM(ResolutionWidth + 89) FROM hits_encrypted;
0.049369985004886985
0.04402658203616738
0.043076545000076294
SELECT SearchEngineID, ClientIP, COUNT(*) AS c, SUM(IsRefresh), AVG(ResolutionWidth) FROM hits_encrypted WHERE SearchPhrase <> '' GROUP BY SearchEngineID, ClientIP ORDER BY c DESC LIMIT 10;
0.14766459201928228
0.1382428880315274
0.1351185140083544
SELECT WatchID, ClientIP, COUNT(*) AS c, SUM(IsRefresh), AVG(ResolutionWidth) FROM hits_encrypted WHERE SearchPhrase <> '' GROUP BY WatchID, ClientIP ORDER BY c DESC LIMIT 10;
1.0137986089685
0.1999006699770689
0.19850975601002574
SELECT WatchID, ClientIP, COUNT(*) AS c, SUM(IsRefresh), AVG(ResolutionWidth) FROM hits_encrypted GROUP BY WatchID, ClientIP ORDER BY c DESC LIMIT 10;
1.3042667119880207
0.9931809040135704
0.8815127909765579
SELECT URL, COUNT(*) AS c FROM hits_encrypted GROUP BY URL ORDER BY c DESC LIMIT 10;
0.725771214987617
0.7185036469600163
0.7407720949850045
SELECT 1, URL, COUNT(*) AS c FROM hits_encrypted GROUP BY 1, URL ORDER BY c DESC LIMIT 10;
0.7063019970082678
0.7070038979873061
0.7138191069825552
SELECT ClientIP, ClientIP - 1, ClientIP - 2, ClientIP - 3, COUNT(*) AS c FROM hits_encrypted GROUP BY ClientIP, ClientIP - 1, ClientIP - 2, ClientIP - 3 ORDER BY c DESC LIMIT 10;
0.2789507720153779
0.2649378090281971
0.26405952899949625
SELECT URL, COUNT(*) AS PageViews FROM hits_encrypted WHERE CounterID = 62 AND EventDate >= '2013-07-01' AND EventDate <= '2013-07-31' AND DontCountHits = 0 AND IsRefresh = 0 AND URL <> '' GROUP BY URL ORDER BY PageViews DESC LIMIT 10;
0.04188671201700345
0.035684528993442655
0.03627435100497678
SELECT Title, COUNT(*) AS PageViews FROM hits_encrypted WHERE CounterID = 62 AND EventDate >= '2013-07-01' AND EventDate <= '2013-07-31' AND DontCountHits = 0 AND IsRefresh = 0 AND Title <> '' GROUP BY Title ORDER BY PageViews DESC LIMIT 10;
0.02566667797509581
0.028276527009438723
0.027401086001191288
SELECT URL, COUNT(*) AS PageViews FROM hits_encrypted WHERE CounterID = 62 AND EventDate >= '2013-07-01' AND EventDate <= '2013-07-31' AND IsRefresh = 0 AND IsLink <> 0 AND IsDownload = 0 GROUP BY URL ORDER BY PageViews DESC LIMIT 10 OFFSET 1000;
0.029955876991152763
0.019975521019659936
0.025427753978874534
SELECT TraficSourceID, SearchEngineID, AdvEngineID, CASE WHEN (SearchEngineID = 0 AND AdvEngineID = 0) THEN Referer ELSE '' END AS Src, URL AS Dst, COUNT(*) AS PageViews FROM hits_encrypted WHERE CounterID = 62 AND EventDate >= '2013-07-01' AND EventDate <= '2013-07-31' AND IsRefresh = 0 GROUP BY TraficSourceID, SearchEngineID, AdvEngineID, Src, Dst ORDER BY PageViews DESC LIMIT 10 OFFSET 1000;
0.06607083400012925
0.06908703502267599
0.06397973198909312
SELECT URLHash, EventDate, COUNT(*) AS PageViews FROM hits_encrypted WHERE CounterID = 62 AND EventDate >= '2013-07-01' AND EventDate <= '2013-07-31' AND IsRefresh = 0 AND TraficSourceID IN (-1, 6) AND RefererHash = 3594120000172545465 GROUP BY URLHash, EventDate ORDER BY PageViews DESC LIMIT 10 OFFSET 100;
0.01881675102049485
0.016331760969478637
0.01929167000344023
SELECT WindowClientWidth, WindowClientHeight, COUNT(*) AS PageViews FROM hits_encrypted WHERE CounterID = 62 AND EventDate >= '2013-07-01' AND EventDate <= '2013-07-31' AND IsRefresh = 0 AND DontCountHits = 0 AND URLHash = 2868770270353813622 GROUP BY WindowClientWidth, WindowClientHeight ORDER BY PageViews DESC LIMIT 10 OFFSET 10000;
0.011924948019441217
0.01196855999296531
0.01659186399774626
SELECT DATE_TRUNC('minute', EventTime) AS M, COUNT(*) AS PageViews FROM hits_encrypted WHERE CounterID = 62 AND EventDate >= '2013-07-14' AND EventDate <= '2013-07-15' AND IsRefresh = 0 AND DontCountHits = 0 GROUP BY DATE_TRUNC('minute', EventTime) ORDER BY DATE_TRUNC('minute', EventTime) LIMIT 10 OFFSET 1000;
0.01258777198381722
0.013645604019984603
0.01204974896972999
